{
    "development": {
        "username": "root",
        "password": "12345678",
        "database": "TEST",
        "host": "127.0.0.1",
        "port": 3306,
        "dialect": "mysql"
    },
    "test": {
        "username": "root",
        "password": "12345678",
        "database": "TEST",
        "host": "127.0.0.1",
        "port": 3306,
        "dialect": "mysql"
    },
    "production": {
        "username": "root",
        "password": "12345678",
        "database": "TEST",
        "host": "127.0.0.1",
        "port": 3306,
        "dialect": "mysql"
    }
}